true,pred
optimism,anxiety
depression,anxiety
amusement,optimism
panic,ambiguous
optimism,belief
optimism,anxiety
optimism,belief
optimism,ambiguous
optimism,depression
excitement,excitement
belief,belief
excitement,excitement
belief,optimism
excitement,excitement
optimism,anxiety
optimism,surprise
disgust,ambiguous
optimism,belief
amusement,amusement
optimism,anxiety
panic,depression
excitement,excitement
disgust,disgust
optimism,anger
disgust,amusement
anxiety,anxiety
disgust,disgust
excitement,excitement
ambiguous,disgust
belief,excitement
anxiety,confusion
excitement,disgust
confusion,confusion
disgust,anger
optimism,optimism
disgust,amusement
confusion,confusion
disgust,excitement
optimism,optimism
anxiety,anxiety
optimism,belief
excitement,disgust
excitement,excitement
optimism,anxiety
ambiguous,confusion
amusement,ambiguous
amusement,optimism
belief,excitement
anxiety,amusement
excitement,excitement
optimism,amusement
optimism,disgust
excitement,amusement
excitement,excitement
panic,panic
disgust,anxiety
optimism,optimism
belief,belief
excitement,excitement
anger,excitement
anxiety,anxiety
amusement,excitement
disgust,ambiguous
ambiguous,disgust
amusement,amusement
anxiety,panic
disgust,disgust
excitement,excitement
optimism,optimism
optimism,optimism
excitement,anger
optimism,ambiguous
anxiety,panic
belief,amusement
surprise,anxiety
optimism,anger
depression,excitement
optimism,amusement
optimism,disgust
panic,panic
ambiguous,amusement
anxiety,anxiety
ambiguous,disgust
anxiety,optimism
panic,anxiety
excitement,disgust
belief,anxiety
ambiguous,excitement
excitement,ambiguous
amusement,disgust
optimism,optimism
ambiguous,belief
depression,anxiety
disgust,confusion
amusement,optimism
disgust,disgust
ambiguous,confusion
optimism,disgust
optimism,optimism
optimism,optimism
ambiguous,anxiety
excitement,belief
anxiety,surprise
ambiguous,disgust
anger,anger
belief,disgust
disgust,panic
anxiety,anxiety
optimism,optimism
optimism,anxiety
belief,belief
ambiguous,confusion
anger,panic
excitement,belief
optimism,excitement
ambiguous,confusion
ambiguous,disgust
ambiguous,disgust
disgust,disgust
panic,anxiety
amusement,amusement
anxiety,anxiety
belief,anger
optimism,optimism
excitement,optimism
depression,confusion
optimism,panic
surprise,surprise
panic,panic
ambiguous,anxiety
excitement,disgust
anxiety,anger
anxiety,optimism
belief,belief
confusion,disgust
belief,belief
confusion,depression
surprise,surprise
amusement,ambiguous
anxiety,excitement
belief,belief
surprise,disgust
disgust,anxiety
surprise,disgust
excitement,excitement
excitement,excitement
anxiety,excitement
optimism,belief
excitement,amusement
optimism,disgust
belief,surprise
optimism,optimism
confusion,confusion
optimism,optimism
optimism,disgust
optimism,belief
disgust,amusement
disgust,ambiguous
excitement,belief
disgust,disgust
ambiguous,belief
ambiguous,anxiety
excitement,optimism
anxiety,anxiety
ambiguous,anxiety
anxiety,optimism
anxiety,excitement
amusement,amusement
belief,disgust
optimism,anxiety
disgust,excitement
anxiety,depression
excitement,amusement
amusement,excitement
optimism,optimism
depression,anxiety
disgust,belief
excitement,excitement
disgust,disgust
optimism,depression
optimism,optimism
belief,belief
amusement,surprise
confusion,disgust
confusion,belief
disgust,excitement
belief,anxiety
optimism,optimism
ambiguous,disgust
anger,disgust
optimism,amusement
optimism,optimism
amusement,amusement
anxiety,panic
anxiety,disgust
amusement,excitement
optimism,excitement
excitement,excitement
amusement,amusement
amusement,amusement
anxiety,panic
disgust,confusion
anger,disgust
belief,optimism
optimism,disgust
belief,belief
anger,disgust
optimism,optimism
amusement,disgust
optimism,excitement
ambiguous,ambiguous
surprise,surprise
amusement,amusement
ambiguous,amusement
belief,optimism
belief,excitement
amusement,optimism
confusion,confusion
amusement,amusement
optimism,optimism
panic,panic
disgust,disgust
disgust,panic
excitement,surprise
depression,depression
belief,belief
excitement,disgust
ambiguous,amusement
anxiety,disgust
belief,belief
belief,optimism
anger,anger
anger,disgust
disgust,ambiguous
anxiety,optimism
anxiety,confusion
disgust,amusement
surprise,surprise
excitement,optimism
disgust,excitement
anxiety,anger
optimism,belief
amusement,ambiguous
depression,depression
depression,anger
anxiety,anxiety
ambiguous,surprise
ambiguous,anxiety
anxiety,anxiety
optimism,optimism
amusement,excitement
excitement,excitement
disgust,optimism
ambiguous,optimism
anxiety,anger
depression,depression
amusement,depression
anxiety,confusion
optimism,amusement
amusement,amusement
disgust,anxiety
panic,anxiety
anxiety,anxiety
ambiguous,ambiguous
belief,belief
optimism,excitement
ambiguous,disgust
disgust,disgust
optimism,amusement
optimism,amusement
optimism,belief
excitement,anxiety
excitement,belief
belief,optimism
belief,disgust
optimism,optimism
optimism,amusement
belief,excitement
anger,ambiguous
amusement,optimism
excitement,excitement
excitement,excitement
anxiety,optimism
belief,amusement
excitement,excitement
disgust,anxiety
confusion,anger
ambiguous,anxiety
excitement,optimism
optimism,excitement
ambiguous,ambiguous
optimism,optimism
optimism,amusement
depression,depression
anxiety,anxiety
ambiguous,disgust
confusion,anxiety
excitement,belief
excitement,optimism
amusement,amusement
excitement,excitement
excitement,excitement
belief,belief
anxiety,anxiety
disgust,anger
belief,belief
ambiguous,ambiguous
amusement,amusement
depression,amusement
ambiguous,amusement
anxiety,optimism
disgust,disgust
excitement,excitement
anxiety,anxiety
panic,depression
confusion,confusion
excitement,excitement
excitement,belief
disgust,panic
anxiety,anxiety
disgust,disgust
anxiety,belief
anger,panic
belief,belief
anxiety,confusion
anxiety,excitement
confusion,amusement
ambiguous,belief
anxiety,confusion
belief,belief
optimism,anxiety
belief,anxiety
panic,surprise
amusement,amusement
belief,belief
anxiety,anxiety
excitement,optimism
excitement,excitement
belief,anger
belief,belief
anxiety,disgust
excitement,disgust
optimism,panic
confusion,confusion
anger,anger
anger,anxiety
excitement,belief
amusement,excitement
anxiety,excitement
depression,panic
belief,belief
disgust,confusion
optimism,optimism
belief,optimism
confusion,confusion
anxiety,anxiety
anger,anger
disgust,ambiguous
belief,belief
disgust,disgust
depression,depression
excitement,excitement
disgust,anger
optimism,excitement
depression,anger
ambiguous,amusement
amusement,amusement
anxiety,anxiety
surprise,anxiety
excitement,surprise
optimism,amusement
disgust,disgust
optimism,optimism
anxiety,belief
confusion,optimism
anxiety,anxiety
belief,optimism
excitement,amusement
anxiety,ambiguous
optimism,belief
optimism,amusement
anxiety,confusion
disgust,ambiguous
belief,belief
disgust,optimism
optimism,panic
amusement,ambiguous
ambiguous,anxiety
optimism,panic
optimism,belief
disgust,ambiguous
optimism,belief
anger,depression
optimism,optimism
anxiety,anxiety
disgust,ambiguous
anxiety,anxiety
ambiguous,ambiguous
ambiguous,disgust
anxiety,ambiguous
optimism,optimism
disgust,anxiety
belief,excitement
anxiety,anxiety
disgust,anger
ambiguous,depression
confusion,confusion
disgust,disgust
optimism,optimism
disgust,depression
depression,anxiety
ambiguous,disgust
anxiety,disgust
amusement,amusement
anxiety,amusement
belief,excitement
belief,excitement
confusion,confusion
anxiety,anxiety
optimism,excitement
anxiety,anxiety
anxiety,anxiety
anxiety,anger
ambiguous,amusement
depression,anxiety
ambiguous,anxiety
confusion,confusion
anxiety,disgust
disgust,disgust
disgust,disgust
excitement,optimism
excitement,disgust
optimism,optimism
optimism,belief
anxiety,disgust
anxiety,optimism
optimism,optimism
amusement,ambiguous
belief,belief
excitement,excitement
optimism,optimism
amusement,disgust
ambiguous,belief
ambiguous,belief
belief,excitement
anger,confusion
anxiety,optimism
excitement,optimism
excitement,amusement
disgust,disgust
surprise,surprise
disgust,anger
anger,anger
optimism,surprise
optimism,excitement
ambiguous,anxiety
confusion,confusion
panic,anger
belief,excitement
belief,excitement
anxiety,anxiety
amusement,amusement
anxiety,anxiety
excitement,excitement
optimism,belief
belief,excitement
panic,panic
surprise,excitement
belief,excitement
anxiety,anxiety
confusion,confusion
excitement,excitement
anxiety,anxiety
confusion,confusion
depression,depression
optimism,anxiety
confusion,confusion
excitement,excitement
optimism,optimism
optimism,panic
panic,panic
ambiguous,optimism
anger,panic
belief,anxiety
ambiguous,confusion
excitement,optimism
optimism,disgust
excitement,anxiety
belief,belief
optimism,excitement
disgust,excitement
anger,anger
confusion,confusion
ambiguous,disgust
disgust,anxiety
anxiety,anxiety
disgust,ambiguous
disgust,disgust
ambiguous,optimism
excitement,excitement
confusion,confusion
disgust,surprise
optimism,excitement
excitement,belief
excitement,ambiguous
anger,anger
anger,anger
confusion,anxiety
anxiety,anxiety
optimism,excitement
confusion,anxiety
anxiety,panic
anger,panic
disgust,anger
anxiety,disgust
amusement,ambiguous
optimism,optimism
optimism,optimism
ambiguous,anxiety
anger,anxiety
belief,optimism
excitement,disgust
amusement,amusement
confusion,anxiety
belief,optimism
optimism,optimism
ambiguous,optimism
excitement,excitement
optimism,depression
surprise,anxiety
anxiety,optimism
excitement,excitement
disgust,disgust
optimism,anxiety
excitement,disgust
disgust,disgust
depression,surprise
optimism,panic
depression,depression
amusement,anxiety
disgust,disgust
anger,panic
optimism,anxiety
anger,anxiety
ambiguous,disgust
ambiguous,ambiguous
panic,panic
optimism,amusement
excitement,excitement
disgust,amusement
panic,amusement
disgust,anxiety
excitement,excitement
amusement,optimism
excitement,amusement
excitement,optimism
anxiety,anxiety
excitement,anxiety
optimism,excitement
amusement,anxiety
optimism,excitement
optimism,excitement
anger,disgust
anxiety,anxiety
belief,belief
disgust,anxiety
anxiety,optimism
excitement,excitement
excitement,excitement
optimism,anxiety
excitement,excitement
disgust,disgust
anxiety,belief
belief,belief
panic,anxiety
amusement,disgust
confusion,confusion
disgust,panic
surprise,excitement
excitement,belief
confusion,confusion
excitement,excitement
ambiguous,excitement
disgust,amusement
anxiety,anger
excitement,excitement
amusement,surprise
anxiety,disgust
belief,surprise
belief,belief
anxiety,confusion
optimism,belief
optimism,panic
optimism,belief
anxiety,anxiety
ambiguous,amusement
ambiguous,amusement
optimism,surprise
anxiety,anxiety
optimism,anxiety
excitement,disgust
excitement,excitement
optimism,belief
amusement,optimism
surprise,surprise
amusement,optimism
optimism,ambiguous
optimism,anxiety
excitement,excitement
anger,anger
confusion,disgust
belief,excitement
disgust,belief
excitement,excitement
anxiety,panic
anxiety,anxiety
ambiguous,ambiguous
panic,anxiety
amusement,optimism
disgust,panic
ambiguous,amusement
excitement,anxiety
surprise,surprise
anxiety,panic
amusement,excitement
anxiety,anxiety
panic,panic
disgust,disgust
anxiety,confusion
ambiguous,excitement
belief,ambiguous
surprise,anxiety
optimism,optimism
anxiety,panic
anxiety,anxiety
optimism,anxiety
optimism,anxiety
anxiety,optimism
excitement,surprise
disgust,excitement
optimism,anxiety
optimism,disgust
confusion,confusion
amusement,amusement
optimism,amusement
amusement,disgust
anxiety,disgust
disgust,amusement
disgust,amusement
excitement,belief
confusion,confusion
ambiguous,ambiguous
amusement,belief
disgust,disgust
panic,depression
disgust,disgust
ambiguous,anxiety
panic,anxiety
anxiety,anxiety
optimism,optimism
anxiety,anxiety
confusion,depression
confusion,belief
disgust,disgust
optimism,optimism
belief,anxiety
excitement,ambiguous
disgust,amusement
optimism,belief
belief,belief
anxiety,anxiety
excitement,excitement
confusion,anxiety
confusion,surprise
confusion,ambiguous
panic,anxiety
ambiguous,optimism
amusement,excitement
excitement,excitement
optimism,optimism
ambiguous,disgust
amusement,amusement
optimism,belief
optimism,optimism
anxiety,anxiety
optimism,surprise
amusement,disgust
anxiety,panic
panic,anxiety
belief,belief
optimism,belief
anger,panic
excitement,amusement
excitement,excitement
excitement,excitement
belief,surprise
optimism,excitement
surprise,surprise
anxiety,belief
disgust,anxiety
confusion,anxiety
excitement,excitement
anxiety,depression
excitement,surprise
anxiety,anxiety
anxiety,optimism
belief,excitement
ambiguous,amusement
ambiguous,ambiguous
excitement,excitement
optimism,belief
panic,depression
optimism,optimism
optimism,optimism
belief,anxiety
amusement,disgust
confusion,confusion
anxiety,anxiety
optimism,belief
belief,surprise
anxiety,anxiety
disgust,anxiety
excitement,disgust
disgust,optimism
excitement,ambiguous
optimism,excitement
amusement,disgust
anxiety,anxiety
disgust,excitement
disgust,disgust
excitement,excitement
optimism,optimism
amusement,amusement
belief,excitement
optimism,anxiety
confusion,confusion
depression,anger
panic,anger
optimism,belief
ambiguous,disgust
depression,surprise
anger,depression
excitement,anxiety
ambiguous,depression
belief,confusion
ambiguous,anxiety
panic,anxiety
anger,anger
disgust,ambiguous
disgust,anxiety
anger,anger
disgust,disgust
anxiety,confusion
anxiety,confusion
disgust,disgust
optimism,optimism
anxiety,belief
optimism,excitement
anxiety,panic
confusion,amusement
belief,ambiguous
belief,belief
amusement,optimism
ambiguous,excitement
anxiety,anxiety
amusement,ambiguous
excitement,belief
ambiguous,amusement
amusement,anxiety
optimism,optimism
optimism,optimism
excitement,excitement
optimism,optimism
amusement,disgust
confusion,anger
disgust,disgust
belief,disgust
confusion,belief
excitement,belief
disgust,disgust
amusement,amusement
anger,anxiety
ambiguous,surprise
anxiety,confusion
anger,depression
optimism,amusement
ambiguous,optimism
amusement,excitement
optimism,anxiety
ambiguous,optimism
excitement,excitement
anger,anxiety
ambiguous,amusement
optimism,disgust
anxiety,anxiety
optimism,excitement
belief,excitement
excitement,excitement
optimism,amusement
depression,anger
excitement,excitement
excitement,excitement
disgust,disgust
optimism,optimism
belief,belief
disgust,surprise
disgust,disgust
surprise,surprise
anxiety,anxiety
anxiety,confusion
optimism,optimism
anxiety,anger
anxiety,optimism
excitement,amusement
belief,belief
disgust,belief
disgust,anger
amusement,belief
disgust,disgust
confusion,confusion
depression,anger
anxiety,anxiety
amusement,amusement
amusement,excitement
ambiguous,anxiety
excitement,excitement
confusion,confusion
excitement,anxiety
amusement,excitement
ambiguous,optimism
optimism,belief
excitement,excitement
excitement,disgust
anger,anger
excitement,anger
confusion,confusion
optimism,anger
excitement,excitement
amusement,amusement
confusion,anxiety
belief,disgust
amusement,amusement
optimism,disgust
anger,anger
ambiguous,belief
belief,anxiety
ambiguous,ambiguous
panic,panic
surprise,surprise
excitement,excitement
disgust,anxiety
optimism,optimism
disgust,disgust
optimism,optimism
ambiguous,anxiety
surprise,anxiety
surprise,excitement
amusement,optimism
panic,panic
panic,panic
disgust,anxiety
optimism,anxiety
excitement,excitement
amusement,optimism
excitement,excitement
disgust,optimism
optimism,excitement
excitement,depression
anxiety,depression
belief,optimism
anxiety,belief
anxiety,surprise
excitement,excitement
anxiety,anger
anxiety,anxiety
disgust,ambiguous
optimism,excitement
excitement,excitement
anxiety,disgust
panic,confusion
optimism,optimism
excitement,excitement
disgust,anger
optimism,surprise
belief,optimism
optimism,disgust
disgust,ambiguous
optimism,excitement
ambiguous,ambiguous
amusement,amusement
ambiguous,excitement
anxiety,excitement
anger,disgust
amusement,amusement
confusion,confusion
surprise,surprise
amusement,amusement
excitement,anxiety
amusement,amusement
excitement,belief
disgust,anxiety
anger,anxiety
excitement,excitement
ambiguous,ambiguous
optimism,ambiguous
confusion,disgust
panic,panic
ambiguous,confusion
anxiety,surprise
optimism,anxiety
belief,surprise
excitement,belief
optimism,optimism
anxiety,excitement
confusion,confusion
optimism,ambiguous
optimism,optimism
belief,excitement
anxiety,anxiety
excitement,disgust
confusion,confusion
amusement,amusement
excitement,surprise
amusement,optimism
excitement,surprise
anxiety,anxiety
excitement,optimism
belief,belief
belief,belief
confusion,anxiety
belief,ambiguous
panic,depression
disgust,anxiety
anxiety,anxiety
ambiguous,amusement
excitement,excitement
confusion,confusion
anxiety,excitement
excitement,surprise
excitement,excitement
disgust,disgust
anger,disgust
disgust,disgust
anxiety,anxiety
confusion,confusion
excitement,excitement
ambiguous,optimism
optimism,optimism
anger,anger
confusion,anxiety
anxiety,anxiety
optimism,anger
anxiety,disgust
amusement,amusement
disgust,anxiety
optimism,anxiety
excitement,excitement
ambiguous,belief
anxiety,belief
anxiety,panic
disgust,disgust
excitement,excitement
confusion,confusion
anger,anxiety
ambiguous,optimism
confusion,confusion
anxiety,confusion
ambiguous,confusion
optimism,belief
anger,depression
disgust,disgust
disgust,anxiety
anxiety,anxiety
surprise,panic
optimism,anxiety
anxiety,belief
confusion,confusion
anxiety,anxiety
excitement,surprise
excitement,optimism
belief,belief
optimism,anxiety
belief,belief
optimism,optimism
belief,anxiety
optimism,optimism
excitement,excitement
excitement,surprise
anxiety,confusion
belief,belief
depression,depression
confusion,anxiety
depression,depression
anger,surprise
disgust,disgust
ambiguous,anxiety
excitement,optimism
anger,anger
confusion,confusion
disgust,disgust
anger,anxiety
anxiety,panic
optimism,optimism
disgust,confusion
amusement,optimism
ambiguous,optimism
confusion,anxiety
depression,belief
anxiety,anxiety
excitement,amusement
belief,belief
belief,belief
optimism,optimism
ambiguous,disgust
optimism,confusion
excitement,excitement
ambiguous,amusement
surprise,surprise
confusion,disgust
anxiety,belief
excitement,excitement
optimism,excitement
optimism,belief
confusion,ambiguous
confusion,confusion
panic,anxiety
ambiguous,amusement
optimism,amusement
ambiguous,optimism
excitement,excitement
excitement,excitement
anger,disgust
anger,anger
amusement,optimism
excitement,excitement
excitement,excitement
excitement,amusement
disgust,anxiety
anxiety,anxiety
excitement,excitement
amusement,amusement
anxiety,belief
amusement,disgust
disgust,surprise
surprise,belief
ambiguous,amusement
amusement,belief
depression,depression
anxiety,anxiety
anxiety,anxiety
amusement,disgust
disgust,excitement
excitement,excitement
excitement,disgust
optimism,optimism
anxiety,anxiety
excitement,belief
disgust,excitement
confusion,disgust
disgust,ambiguous
excitement,optimism
disgust,excitement
excitement,anxiety
belief,excitement
optimism,disgust
excitement,anxiety
disgust,disgust
amusement,amusement
amusement,optimism
amusement,excitement
ambiguous,disgust
excitement,belief
optimism,excitement
confusion,disgust
amusement,amusement
anxiety,anxiety
excitement,amusement
anxiety,anxiety
optimism,optimism
ambiguous,surprise
ambiguous,ambiguous
disgust,anxiety
optimism,anxiety
optimism,excitement
ambiguous,excitement
ambiguous,disgust
excitement,disgust
belief,excitement
optimism,surprise
ambiguous,excitement
optimism,anxiety
excitement,excitement
belief,belief
disgust,disgust
disgust,disgust
amusement,amusement
ambiguous,disgust
anxiety,ambiguous
optimism,anxiety
amusement,anxiety
belief,anxiety
optimism,optimism
disgust,anxiety
belief,excitement
disgust,anger
disgust,disgust
confusion,confusion
ambiguous,excitement
excitement,excitement
depression,panic
belief,excitement
anxiety,surprise
excitement,disgust
anxiety,anxiety
optimism,excitement
disgust,disgust
optimism,belief
optimism,anxiety
anxiety,anxiety
anger,anxiety
surprise,excitement
disgust,disgust
belief,belief
optimism,anxiety
belief,excitement
anxiety,anxiety
amusement,disgust
amusement,panic
disgust,anxiety
optimism,anxiety
ambiguous,amusement
amusement,amusement
disgust,amusement
disgust,disgust
surprise,belief
excitement,excitement
excitement,excitement
belief,belief
disgust,disgust
optimism,optimism
anxiety,anxiety
belief,belief
optimism,disgust
panic,anger
disgust,ambiguous
excitement,excitement
anger,anger
excitement,disgust
excitement,amusement
confusion,confusion
disgust,disgust
confusion,confusion
disgust,disgust
disgust,excitement
excitement,optimism
ambiguous,excitement
excitement,disgust
ambiguous,confusion
belief,anxiety
optimism,belief
optimism,anxiety
excitement,amusement
surprise,excitement
optimism,excitement
excitement,excitement
optimism,optimism
anxiety,anxiety
excitement,belief
anxiety,ambiguous
confusion,disgust
anxiety,anxiety
panic,panic
surprise,belief
disgust,depression
anxiety,anxiety
optimism,optimism
panic,depression
disgust,disgust
excitement,excitement
disgust,anger
disgust,disgust
optimism,belief
excitement,belief
disgust,disgust
optimism,anxiety
disgust,disgust
anger,disgust
excitement,belief
anxiety,anxiety
disgust,depression
confusion,confusion
optimism,optimism
disgust,excitement
amusement,belief
anger,anger
excitement,excitement
amusement,belief
excitement,excitement
disgust,disgust
disgust,disgust
belief,excitement
confusion,confusion
excitement,disgust
belief,disgust
disgust,disgust
amusement,excitement
optimism,belief
disgust,disgust
optimism,excitement
ambiguous,optimism
confusion,disgust
panic,excitement
anxiety,amusement
ambiguous,amusement
belief,anxiety
optimism,excitement
amusement,amusement
excitement,excitement
confusion,anxiety
anxiety,confusion
amusement,amusement
excitement,optimism
ambiguous,anxiety
disgust,disgust
anxiety,disgust
amusement,optimism
belief,belief
optimism,anxiety
anxiety,anxiety
anxiety,anger
disgust,excitement
panic,anxiety
disgust,disgust
anxiety,anxiety
excitement,amusement
disgust,anxiety
disgust,disgust
anger,anger
anxiety,anxiety
disgust,disgust
anxiety,excitement
anxiety,anxiety
belief,belief
anxiety,anxiety
excitement,optimism
disgust,disgust
disgust,disgust
anger,depression
ambiguous,anxiety
confusion,confusion
optimism,excitement
optimism,belief
anxiety,optimism
amusement,amusement
ambiguous,excitement
ambiguous,ambiguous
anxiety,panic
anxiety,anxiety
ambiguous,excitement
optimism,surprise
disgust,disgust
confusion,optimism
excitement,anxiety
disgust,optimism
belief,anxiety
anxiety,disgust
disgust,excitement
excitement,depression
optimism,belief
belief,optimism
depression,anxiety
anxiety,surprise
amusement,optimism
amusement,amusement
anxiety,disgust
disgust,disgust
disgust,anger
anxiety,belief
panic,anxiety
excitement,disgust
excitement,amusement
disgust,disgust
disgust,anger
disgust,amusement
amusement,disgust
optimism,excitement
excitement,belief
excitement,excitement
ambiguous,anger
optimism,belief
confusion,disgust
panic,panic
panic,surprise
optimism,amusement
ambiguous,amusement
optimism,optimism
confusion,confusion
optimism,optimism
disgust,belief
optimism,belief
anxiety,panic
anxiety,depression
optimism,anxiety
anxiety,panic
belief,surprise
panic,ambiguous
anxiety,depression
anger,panic
belief,anxiety
optimism,panic
confusion,confusion
anxiety,optimism
disgust,anxiety
optimism,belief
excitement,belief
excitement,excitement
belief,amusement
belief,confusion
ambiguous,depression
anger,confusion
surprise,belief
disgust,optimism
surprise,panic
anxiety,anxiety
disgust,disgust
disgust,anger
optimism,optimism
excitement,surprise
confusion,confusion
anxiety,belief
panic,confusion
amusement,ambiguous
disgust,surprise
optimism,excitement
excitement,excitement
belief,belief
belief,optimism
ambiguous,disgust
optimism,belief
surprise,belief
panic,anger
disgust,anxiety
anxiety,optimism
amusement,belief
optimism,optimism
excitement,ambiguous
excitement,excitement
confusion,ambiguous
anxiety,panic
excitement,excitement
confusion,panic
anxiety,excitement
disgust,confusion
belief,excitement
optimism,ambiguous
excitement,excitement
disgust,belief
optimism,belief
ambiguous,amusement
belief,excitement
excitement,excitement
disgust,disgust
belief,belief
belief,belief
disgust,anxiety
ambiguous,amusement
ambiguous,ambiguous
surprise,surprise
ambiguous,anger
anxiety,anxiety
belief,belief
amusement,optimism
belief,belief
anxiety,anger
belief,anxiety
anxiety,panic
disgust,disgust
ambiguous,belief
confusion,confusion
excitement,optimism
disgust,panic
ambiguous,ambiguous
confusion,excitement
optimism,excitement
anger,confusion
amusement,optimism
depression,disgust
confusion,surprise
belief,surprise
belief,belief
amusement,amusement
panic,panic
anxiety,belief
anxiety,confusion
confusion,confusion
optimism,anxiety
ambiguous,amusement
belief,belief
disgust,disgust
amusement,belief
disgust,disgust
anxiety,confusion
disgust,disgust
confusion,surprise
anxiety,belief
confusion,anxiety
optimism,anxiety
belief,excitement
disgust,optimism
optimism,excitement
surprise,surprise
anxiety,belief
anxiety,anxiety
anxiety,anxiety
excitement,disgust
belief,belief
excitement,excitement
confusion,anxiety
ambiguous,amusement
excitement,excitement
optimism,anxiety
disgust,ambiguous
surprise,excitement
belief,belief
optimism,anxiety
optimism,optimism
amusement,anxiety
amusement,excitement
belief,amusement
amusement,amusement
disgust,disgust
excitement,excitement
disgust,surprise
optimism,belief
excitement,belief
anger,anger
optimism,ambiguous
optimism,excitement
ambiguous,disgust
ambiguous,disgust
optimism,anxiety
disgust,disgust
belief,belief
anger,ambiguous
disgust,disgust
optimism,optimism
disgust,disgust
amusement,belief
belief,belief
amusement,amusement
amusement,disgust
ambiguous,excitement
disgust,disgust
surprise,surprise
amusement,belief
optimism,optimism
disgust,ambiguous
anxiety,panic
excitement,excitement
amusement,optimism
anxiety,anxiety
amusement,amusement
ambiguous,excitement
disgust,disgust
optimism,belief
optimism,belief
amusement,disgust
anxiety,belief
anxiety,belief
optimism,excitement
ambiguous,amusement
amusement,optimism
excitement,excitement
surprise,surprise
amusement,amusement
amusement,depression
excitement,anxiety
optimism,belief
confusion,anxiety
disgust,ambiguous
ambiguous,excitement
excitement,disgust
belief,excitement
excitement,excitement
anxiety,anxiety
disgust,depression
anxiety,confusion
amusement,ambiguous
belief,excitement
confusion,confusion
panic,anxiety
anger,anger
depression,panic
confusion,confusion
excitement,excitement
belief,excitement
belief,disgust
anxiety,anxiety
anxiety,optimism
belief,disgust
